filesize	Mops/sec
64	43.326060
512	41.243190
1024	40.525061
2048	37.275205
3072	27.590982
4096	20.939637
6144	17.391452
8192	15.574958
