filesize	Mops/sec
64	1.861111
512	0.272222
1024	0.044444
2048	0.006394
3072	0.005897
4096	0.005669
6144	0.005570
8192	0.005556
