filesize	Mops/sec
64	12.811154
512	2.227778
1024	1.155584
2048	0.621767
3072	0.438889
4096	0.342548
6144	0.228424
8192	0.179614
