filesize	Mops/sec
64	43.144780
512	40.948489
1024	40.503739
2048	37.917743
3072	28.324063
4096	20.939541
6144	17.158880
8192	14.975278
