filesize	Mops/sec
64	42.372471
512	36.962405
1024	33.333333
2048	27.448193
3072	19.546329
4096	15.079095
6144	11.111111
8192	10.928505
