filesize	Mops/sec
64	43.186764
512	39.470108
1024	38.726052
2048	33.069153
3072	26.845960
4096	19.496447
6144	16.196437
8192	14.208090
