filesize	Mops/sec
64	49.710082
128	48.987293
256	47.089436
512	47.545904
1024	46.346645
2048	43.647473
3072	32.016475
4096	23.330827
5120	19.865479
