filesize	Mops/sec
64	50.661074
128	48.251289
256	48.974085
512	46.674737
1024	45.070031
2048	44.113954
3072	31.596869
4096	23.331139
5120	20.233284
