filesize	Mops/sec
64	50.629001
128	49.831806
256	46.506044
512	47.672191
1024	46.535359
2048	43.601726
3072	32.452883
4096	23.292908
5120	20.045675
