filesize	Mops/sec
64	43.046613
512	40.618945
1024	40.538861
2048	37.809627
4096	21.145748
6144	17.321600
8192	15.727498
