filesize	Mops/sec
64	1.844444
512	0.272222
1024	0.044444
2048	0.006035
4096	0.005629
6144	0.005556
8192	0.005556
