filesize	Mops/sec
64	12.947233
512	2.222222
1024	1.155556
2048	0.621900
4096	0.354974
6144	0.266667
8192	0.211111
