filesize	Mops/sec
64	43.173152
512	40.526212
1024	40.542122
2048	38.241317
3072	29.127781
4096	20.772693
6144	17.256896
8192	15.503056
