filesize	Mops/sec
64	43.202569
512	40.549017
1024	39.868035
2048	36.510672
3072	28.772280
4096	20.624852
6144	17.051565
8192	15.355601
