filesize	Mops/sec
64	42.320625
512	40.420438
1024	40.303376
2048	37.739393
3072	27.990973
4096	20.727429
6144	17.212369
8192	15.346202
