filesize	Mops/sec
64	14.198338
128	9.050000
256	5.400000
512	3.000000
