filesize	Mops/sec
64	43.195149
512	40.227015
1024	40.421376
2048	34.147461
4096	21.086876
6144	17.305882
8192	15.725668
