filesize	Mops/sec
64	32.777778
512	12.222222
1024	10.747768
2048	6.666667
4096	0.006992
6144	0.007378
8192	0.008580
