filesize	Mops/sec
64	41.918283
512	33.588842
1024	29.588510
2048	4.098766
4096	0.555666
6144	0.399679
8192	0.197468
