filesize	Mops/sec
64	50.492197
128	49.619944
256	48.935011
512	46.782081
1024	46.986553
2048	41.788741
3072	33.027577
4096	23.368730
5120	20.300983
