filesize	Mops/sec
64	51.051160
128	37.933635
256	36.142055
512	30.722816
1024	28.010850
2048	24.658955
3072	19.268667
4096	15.225289
5120	13.653549
