filesize	Mops/sec
64	49.404521
128	47.716540
256	46.321195
512	42.860412
1024	40.422704
2048	31.966801
3072	21.701643
4096	14.221233
5120	11.157466
