filesize	Mops/sec
64	43.345653
512	41.035446
1024	38.098359
2048	37.897403
3072	29.326240
4096	21.034865
6144	17.284009
8192	15.630977
