filesize	Mops/sec
64	34.965497
512	17.222222
1024	11.666667
2048	6.668173
3072	4.448568
4096	3.333333
6144	2.589656
8192	2.179855
