filesize	Mops/sec
64	42.030812
512	34.778607
1024	29.945352
2048	22.777778
3072	16.302467
4096	12.061502
6144	8.898958
8192	7.240868
