filesize	Mops/sec
64	43.347356
512	40.735598
1024	40.408305
2048	38.234319
4096	21.108941
6144	17.378180
8192	15.746869
