filesize	Mops/sec
64	40.086508
512	24.857695
1024	23.568256
2048	11.150576
4096	0.008587
6144	0.006701
8192	0.007556
