filesize	Mops/sec
64	42.580218
512	39.838336
1024	33.960261
2048	26.470269
4096	0.543882
6144	0.400688
8192	0.217969
