filesize	Mops/sec
64	43.361432
512	40.432936
1024	40.407752
2048	35.503133
4096	21.307162
6144	17.027500
8192	15.638692
