filesize	Mops/sec
64	36.440906
512	28.168865
1024	32.291954
2048	10.805506
4096	0.007320
6144	0.007915
8192	0.006315
