filesize	Mops/sec
64	43.198847
512	39.844617
1024	39.051889
2048	4.026558
4096	0.556701
6144	0.398362
8192	0.319108
