filesize	Mops/sec
64	43.219080
512	40.400942
1024	40.408885
2048	37.792233
3072	29.424349
4096	21.068037
6144	17.223984
8192	15.626262
