filesize	Mops/sec
64	40.102873
512	41.014705
1024	40.406282
2048	38.287300
3072	28.045368
4096	20.991713
6144	17.068476
8192	15.316722
