filesize	Mops/sec
64	43.094134
512	38.289664
1024	40.512589
2048	38.001954
3072	29.125715
4096	20.989609
6144	17.153685
8192	15.400515
